,TripId,TripId_raw,VehId,Aggressiveness,Distance[km],Fuel Consumed[L],Fuel Rate[gpm]
0,2997,1528,449,1791784.468149738,9.045805555555557,0.5619836483819629,0.062126434724966643
